{
    "prepare_queue": {
        "installed": [],
        "uninstalled": []
    },
    "config_munge": {
        "files": {
            "config.xml": {
                "parents": {
                    "/*": [
                        {
                            "xml": "<feature name=\"BarcodeScanner\"><param name=\"browser-package\" value=\"BarcodeScanner\" /></feature>",
                            "count": 1
                        }
                    ]
                }
            }
        }
    },
    "installed_plugins": {
        "cordova-plugin-whitelist": {
            "PACKAGE_NAME": "com.stklcorp.listMaker"
        },
        "phonegap-plugin-barcodescanner": {
            "PACKAGE_NAME": "com.stklcorp.listMaker"
        },
        "cordova-plugin-splashscreen": {
            "PACKAGE_NAME": "com.stklcorp.listMaker"
        }
    },
    "dependent_plugins": {},
    "modules": [
        {
            "file": "plugins/phonegap-plugin-barcodescanner/www/barcodescanner.js",
            "id": "phonegap-plugin-barcodescanner.BarcodeScanner",
            "pluginId": "phonegap-plugin-barcodescanner",
            "clobbers": [
                "cordova.plugins.barcodeScanner"
            ]
        },
        {
            "file": "plugins/phonegap-plugin-barcodescanner/src/browser/BarcodeScannerProxy.js",
            "id": "phonegap-plugin-barcodescanner.BarcodeScannerProxy",
            "pluginId": "phonegap-plugin-barcodescanner",
            "runs": true
        },
        {
            "file": "plugins/cordova-plugin-splashscreen/www/splashscreen.js",
            "id": "cordova-plugin-splashscreen.SplashScreen",
            "pluginId": "cordova-plugin-splashscreen",
            "clobbers": [
                "navigator.splashscreen"
            ]
        },
        {
            "file": "plugins/cordova-plugin-splashscreen/src/browser/SplashScreenProxy.js",
            "id": "cordova-plugin-splashscreen.SplashScreenProxy",
            "pluginId": "cordova-plugin-splashscreen",
            "runs": true
        }
    ],
    "plugin_metadata": {
        "cordova-plugin-whitelist": "1.2.2",
        "phonegap-plugin-barcodescanner": "4.1.0",
        "cordova-plugin-splashscreen": "3.2.2"
    }
}